{
    "name": "Born to Fly",
    "description": "You are made to soar in the sky! Unfortunately, this means that when you're grounded, you'll be significantly weakened.",
    "type": "origins:multiple",
    "key0": {
        "condition": {
            "type": "origins:on_block"
        },
        "type": "origins:conditioned_attribute",
        "modifier": {
            "attribute": "minecraft:generic.max_health",
            "operation": "multiply_total",
            "value": -0.5
        },
        "tick_rate": 20,
        "update_health": true
    },
    "key1": {
        "condition": {
            "type": "origins:on_block"
        },
        "type": "origins:conditioned_attribute",
        "modifier": {
            "attribute": "minecraft:generic.attack_damage",
            "operation": "multiply_total",
            "value": -0.5
        },
        "tick_rate": 20,
        "update_health": true
    },
    "key2": {
        "type": "origins:attribute",
        "modifier": {
            "attribute": "minecraft:generic.max_health",
            "operation": "multiply_total",
            "value": 0
        },
        "update_health": true
    },
    "key3": {
        "type": "origins:attribute",
        "modifier": {
            "attribute": "minecraft:generic.attack_damage",
            "operation": "multiply_total",
            "value": 0
        },
        "update_health": true
    }
}