{
    "name": "Fast Digestion",
    "description": "Food pass through you extremely quickly! This means you'll have to eat more, but also that you are less affected by poison!",
    "type": "origins:multiple",
    "key0": {
        "type": "origins:modify_status_effect_duration",
        "status_effect": "minecraft:poison",
        "modifier": {
            "operation": "multiply_total",
            "value": -0.5
        }
    },
    "key1": {
        "type": "origins:modify_exhaustion",
        "modifier": {
            "operation": "multiply_base",
            "value": 0.6
        }
    }
}