{
    "name": "Quick Take-Off",
    "description": "You can launch yourself into the air! As this uses your wings, this too won't work in water or rain.",
    "condition": {
        "inverted": true,
        "type": "origins:or",
        "conditions": [
            {
                "type": "origins:fluid_height",
                "fluid": "minecraft:water",
                "comparison": ">",
                "compare_to": 0
            },
            {
                "type": "origins:in_rain"
            }
        ]
    },
    "type": "origins:launch",
    "cooldown": 100,
    "speed": 2,
    "hud_render": {
        "should_render": true,
        "sprite_location": "origins:textures/gui/resource_bar.png",
        "bar_index": 4
    },
    "sound": "minecraft:entity.parrot.fly",
    "key": {
        "key": "key.origins.primary_active",
        "continuous": true
    }
}