{
    "name": "Raptorial Eyes",
    "description": "Your eyes are trained on movement! As such, you cannot see entities unless they're moving.",
    "type": "origins:prevent_entity_render",
    "entity_condition": {
        "type": "origins:and",
        "conditions": [
            {
                "inverted": true,
                "type": "origins:or",
                "conditions": [
                    {
                        "type": "origins:resource",
                        "resource": "moving:state_horizontally",
                        "comparison": "==",
                        "compare_to": 1
                    },
                    {
                        "type": "origins:resource",
                        "resource": "moving:state_vertically",
                        "comparison": "==",
                        "compare_to": 1
                    }
                ]
            },
            {
                "type": "origins:living"
            }
        ]
    }
}