{
    "name": "Sensitive Wings",
    "description": "You have elytra wings without having to equip any! They don't work in water or rain, though.",
    "condition": {
        "inverted": true,
        "type": "origins:or",
        "conditions": [
            {
                "type": "origins:fluid_height",
                "fluid": "minecraft:water",
                "comparison": ">",
                "compare_to": 0
            },
            {
                "type": "origins:in_rain"
            }
        ]
    },
    "type": "origins:elytra_flight",
    "render_elytra": true
}