{
    "name": "Slimy Sleep",
    "description": "Every time you sleep, you leave some slime behind! This makes it rather difficult to get out of bed.",
    "type": "origins:action_on_wake_up",
    "entity_action": {
        "type": "origins:and",
        "actions": [
            {
                "type": "origins:give",
                "stack": {
                    "item": "minecraft:slime_ball",
                    "amount": 1
                }
            },
            {
                "type": "origins:apply_effect",
                "effect": {
                    "effect": "minecraft:slowness",
                    "duration": 600,
                    "amplifier": 3,
                    "is_ambient": true,
                    "show_particles": false,
                    "show_icon": false
                }
            }
        ]
    }
}