{
    "name": "Automaton",
    "description": "A clockwork automaton, with no need to breathe or eat. Powered by kinetic energy, you must constantly move to stay alive.",
    "powers": [
        "aigo:automaton/clockwork_eye",
        "aigo:automaton/non-biological",
        "aigo:automaton/kinetic_motor",
        "aigo:automaton/kinetic_motor_tick",
        "aigo:automaton/heavy_body",
        "aigo:automaton/oxidizing",
        "aigo:automaton/lightning_rod"
    ],
    "icon": {
        "item": "create:brass_ingot",
        "amount": 1
    },
    "impact": 2
}