{
    "name": "Huge Body",
    "description": "Your large size causes you to exhaust faster, makes you sink in water and prevents you from using beds, unless they're placed in a 2x2 formation.",
    "type": "origins:multiple",
    "exhaustmore": {
        "type": "origins:modify_exhaustion",
        "modifier": {
            "operation": "multiply_base",
            "value": 0.75
        }
    },
    "sinkinwater": {
        "type": "origins:ignore_water"
    },
    "slowerfallinwater": {
        "type": "origins:modify_falling",
        "condition": {
            "type": "origins:in_block_anywhere",
            "block_condition": {
                "type": "origins:fluid",
                "fluid_condition": {
                    "type": "origins:in_tag",
                    "tag": "minecraft:water"
                }
            }
        },
        "velocity": 0.12,
        "take_fall_damage": false
    },
    "slowwater": {
        "type": "origins:conditioned_attribute",
        "condition": {
            "type": "origins:in_block_anywhere",
            "block_condition": {
                "type": "origins:fluid",
                "fluid_condition": {
                    "type": "origins:in_tag",
                    "tag": "minecraft:water"
                }
            }
        },
        "modifier": {
            "attribute": "minecraft:generic.movement_speed",
            "operation": "multiply_base",
            "value": -0.3,
            "name": "slow in water"
        }
    }
}