{
    "name": "Klutz",
    "description": "Your giant size makes it impossible to ride anything, and bows and shields are off-limits.",
    "type": "origins:multiple",
    "banbowsandshields": {
        "type": "origins:prevent_item_use",
        "item_condition": {
            "type": "origins:ingredient",
            "ingredient": {
                "tag": "lyralinegiant:unusable"
            }
        }
    },
    "preventriding": {
        "type": "origins:action_over_time",
        "condition": {
            "type": "origins:riding"
        },
        "entity_action": {
            "type": "origins:dismount"
        },
        "interval": 2
    }
}