{
    "name": "Carrier",
    "description": "Players can right click you to ride you, and you can pick up animals with [Secondary]",
    "type": "origins:multiple",
    "playersmount": {
        "type": "origins:action_on_being_used",
        "bientity_action": {
            "type": "origins:mount"
        }
    },
    "cooldown": {
        "type": "origins:cooldown",
        "cooldown": 200,
        "hud_render": {
            "sprite_location": "origins:textures/gui/community/spiderkolo/resource_bar_03.png",
            "bar_index": 10
        },
        "condition": {
            "type": "origins:resource",
            "resource": "lyralinegiant:pickup_cooldown",
            "compare_to": 0,
            "comparison": ">"
        }
    },
    "grabmobs": {
        "type": "origins:active_self",
        "cooldown": 5,
        "key": {
            "key": "key.origins.secondary_active",
            "continuous": false
        },
        "condition": {
            "type": "origins:resource",
            "resource": "lyralinegiant:pickup_cooldown",
            "compare_to": 0,
            "comparison": "=="
        },
        "entity_action": {
            "type": "origins:if_else_list",
            "actions": [
                {
                    "action": {
                        "type": "origins:raycast",
                        "distance": 5,
                        "shape_type": "outline",
                        "bientity_condition": {
                            "type": "origins:target_condition",
                            "condition": {
                                "type": "origins:and",
                                "conditions": [
                                    {
                                        "type": "origins:living"
                                    }
                                ]
                            }
                        }, 
                        "bientity_action": {
                            "type": "origins:invert",
                            "action": {
                                "type": "origins:mount"
                            }
                        }
                    },
                    "condition": {
                        "type": "origins:passenger",
                        "inverted": true
                    }
                },
                {
                    "action": {
                        "type": "origins:and",
                        "actions": [
                            {
                                "type": "origins:trigger_cooldown",
                                "power": "lyralinegiant:pickup_cooldown"
                            },
                            {
                                "type": "origins:passenger_action",
                                "action": {
                                    "type": "origins:and",
                                    "actions": [
                                        {
                                            "type": "origins:dismount"
                                        },
                                        {
                                            "type": "origins:execute_command",
                                            "command": "data modify entity @s Rotation set from entity @a[limit=1,sort=nearest] Rotation"
                                        },
                                        {
                                            "type": "origins:delay",
                                            "action": {
                                                "type": "origins:add_velocity",
                                                "z": 0.67,
                                                "y": 0.33,
                                                "space": "local_horizontal",
                                                "set": true
                                            },
                                            "ticks": 1
                                        }
                                    ]
                                }
                            }
                        ]
                    },
                    "condition": {
                        "type": "origins:and",
                        "conditions": [
                            {
                                "type": "origins:sneaking",
                                "inverted": true
                            },
                            {
                                "type": "origins:passenger"
                            }
                        ]
                    }
                },
                {
                    "action": {
                        "type": "origins:and",
                        "actions": [
                            {
                                "type": "origins:trigger_cooldown",
                                "power": "lyralinegiant:pickup_cooldown"
                            },
                            {
                                "type": "origins:passenger_action",
                                "action": {
                                    "type": "origins:and",
                                    "actions": [
                                        {
                                            "type": "origins:dismount"
                                        }
                                    ]
                                }
                            }
                        ]
                    },
                    "condition": {
                        "type": "origins:and",
                        "conditions": [
                            {
                                "type": "origins:sneaking"
                            },
                            {
                                "type": "origins:passenger"
                            }
                        ]
                    }
                }
            ]
        }
    }
}