{
    "type": "origins:multiple",
    "name": "Giant Heritage",
    "description": "Leather armor gives you as much armor as iron.",
    "leatherhelmet": {
        "type": "origins:conditioned_attribute",
        "modifiers": [
            {
                "attribute": "minecraft:generic.armor",
                "operation": "addition",
                "value": 1
            }
        ],
        "condition": {
            "type": "origins:inventory",
            "slot": "armor.head",
            "item_condition": {
                "type": "origins:ingredient",
                "ingredient": {
                    "item": "minecraft:leather_helmet"
                }
            }
        }
    },
    "leatherchest": {
        "type": "origins:conditioned_attribute",
        "modifiers": [
            {
                "attribute": "minecraft:generic.armor",
                "operation": "addition",
                "value": 3
            }
        ],
        "condition": {
            "type": "origins:inventory",
            "slot": "armor.chest",
            "item_condition": {
                "type": "origins:ingredient",
                "ingredient": {
                    "item": "minecraft:leather_chestplate"
                }
            }
        }
    },
    "leatherpants": {
        "type": "origins:conditioned_attribute",
        "modifiers": [
            {
                "attribute": "minecraft:generic.armor",
                "operation": "addition",
                "value": 3
            }
        ],
        "condition": {
            "type": "origins:inventory",
            "slot": "armor.legs",
            "item_condition": {
                "type": "origins:ingredient",
                "ingredient": {
                    "item": "minecraft:leather_leggings"
                }
            }
        }
    },
    "leatherboots": {
        "type": "origins:conditioned_attribute",
        "modifiers": [
            {
                "attribute": "minecraft:generic.armor",
                "operation": "addition",
                "value": 1
            }
        ],
        "condition": {
            "type": "origins:inventory",
            "slot": "armor.feet",
            "item_condition": {
                "type": "origins:ingredient",
                "ingredient": {
                    "item": "minecraft:leather_boots"
                }
            }
        }
    }
}