{
	"name": "Colossal Slam",
	"description": "You can slam into the ground, creating a small explosion and throwing off passengers",
	"type":"origins:multiple",
	"resource":{
		"type":"origins:resource",
		"min":0,
		"max":1,
		"hud_render":{
			"should_render":false
		}
	},
	"down":{
		"type":"origins:active_self",
		"key":"key.origins.primary_active",
		"cooldown":900,
		"hud_render":{
			"sprite_location":"origins:textures/gui/community/spiderkolo/resource_bar_02.png",
			"bar_index":2
		},
		"condition":{
			"type":"origins:fluid_height",
			"fluid":"water",
			"comparison":"==",
			"compare_to":0
		},
		"entity_action":{
			"type":"origins:and",
			"actions":[
				{
					"type":"origins:add_velocity",
					"set":true,
					"y":0.5
				},
				{
					"type":"origins:delay",
					"ticks":5,
					"action":{
						"type":"origins:and",
						"actions":[
							{
								"type":"origins:add_velocity",
								"set":true,
								"y":-0.67
							},
							{
								"type":"origins:passenger_action",
								"action":{
									"type":"origins:dismount"
								}
							}
						]
					}
				},
				{
					"type":"origins:change_resource",
					"resource":"*:*_resource",
					"change":1
				}
			]
		}
	},
	"damage":{
		"type":"origins:action_on_land",
		"condition":{
			"type":"origins:resource",
			"resource":"*:*_resource",
			"comparison":"==",
			"compare_to":1
		},
		"entity_action":{
			"type":"origins:and",
			"actions":[
				{
					"type":"origins:change_resource",
					"resource":"*:*_resource",
					"change":-1
				},
				{
					"type":"origins:explode",
					"power":2,
					"destruction_type":"none",
					"damage_self":false
				}
			]
		}
	},
	"off":{
		"type":"origins:action_over_time",
		"interval":10,
		"condition":{
			"type":"origins:and",
			"conditions":[
				{
					"type":"origins:resource",
					"resource":"*:*_resource",
					"comparison":"==",
					"compare_to":1
				},
				{
					"type":"origins:or",
					"conditions":[
						{
							"type":"origins:on_block",
							"block_condition":{
								"type":"origins:movement_blocking"
							}
						},
						{
							"type":"origins:fluid_height",
							"fluid":"water",
							"comparison":">",
							"compare_to":0
						}
					]
				}
			]
		},
		"rising_action":{
			"type":"origins:change_resource",
			"resource":"*:*_resource",
			"change":-1
		}
	}
}