{
    "name": "Gigantic Arms",
    "description": "Your huge limbs give you extra reach and mining speed, but you attack much slower.",
    "type": "origins:multiple",
    "combatchanges": {
        "type": "origins:attribute",
        "modifiers": [
            {
                "attribute": "minecraft:generic.attack_speed",
                "name": "beeg",
                "operation": "multiply_base",
                "value": -0.5
            },
            {
                "attribute": "minecraft:generic.attack_damage",
                "name": "beeg",
                "operation": "multiply_base",
                "value": 0.25
            }
        ]
    },
    "miningspeed": {
        "type": "origins:modify_break_speed",
        "modifier": {
            "operation": "multiply_base",
            "value": 0.5
        }
    }
}