{
    "name": "Super-Sized",
    "description": "You are 3x as large as a human, and have enhanced jump height.",
    "type": "origins:multiple",
    "sizecommands": {
        "type": "origins:action_on_callback",
        "entity_action_chosen": {
            "type": "origins:and",
            "actions": [
                {
                    "type": "origins:execute_command",
                    "command": "scale set pehkui:height 3"
                },
                {
                    "type": "origins:execute_command",
                    "command": "scale set pehkui:width 3"
                },
                {
                    "type": "origins:execute_command",
                    "command": "scale set pehkui:step_height 3"
                },
                {
                    "type": "origins:execute_command",
                    "command": "scale set pehkui:entity_reach 1.5"
                },
                {
                    "type": "origins:execute_command",
                    "command": "scale set pehkui:block_reach 1.75"
                },
                {
                    "type": "origins:execute_command",
                    "command": "scale set pehkui:jump_height 1.75"
                },
                {
                    "type": "origins:execute_command",
                    "command": "scale persist set true"
                }
            ]
        },
        "entity_action_added": {
            "type": "origins:and",
            "actions": [
                {
                    "type": "origins:execute_command",
                    "command": "scale set pehkui:height 3"
                },
                {
                    "type": "origins:execute_command",
                    "command": "scale set pehkui:width 3"
                },
                {
                    "type": "origins:execute_command",
                    "command": "scale set pehkui:step_height 3"
                },
                {
                    "type": "origins:execute_command",
                    "command": "scale set pehkui:entity_reach 1.5"
                },
                {
                    "type": "origins:execute_command",
                    "command": "scale set pehkui:block_reach 1.75"
                },
                {
                    "type": "origins:execute_command",
                    "command": "scale set pehkui:jump_height 1.75"
                },
                {
                    "type": "origins:execute_command",
                    "command": "scale persist set true"
                }
            ]
        },
        "entity_action_lost": {
            "type": "origins:and",
            "actions": [
                {
                    "type": "origins:execute_command",
                    "command": "scale persist set false"
                },
                {
                    "type": "origins:execute_command",
                    "command": "scale reset"
                }
            ]
        }
    },
    "attributes": {
        "type": "origins:attribute",
        "modifiers": [
            {
                "attribute": "minecraft:generic.max_health",
                "name": "beeg",
                "operation": "addition",
                "value": 10
            }
        ]
    },
    "lessfalldmg": {
        "type": "origins:modify_damage_taken",
        "damage_condition": {
            "type": "origins:in_tag",
            "tag": "is_fall"
        },
        "modifier": {
            "operation": "add_base_early",
            "value": -5
        }
    }
}