{
    "name": "Partially Liquid",
    "description": "You are partially liquid, meaning that when you're flattened, you can ooze through certain blocks by crouching! \nIt, unfortunately, also means that you take more damage from fire.",
    "type": "origins:multiple",
    "key0": {
        "condition": {
            "type": "origins:and",
            "conditions": [
                {
                    "type": "origins:sneaking"
                },
                {
                    "inverted": true,
                    "type": "origins:power_active",
                    "power": "bimglemobs:flatten"
                }
            ]
        },
        "type": "origins:phasing",
        "block_condition": {
            "type": "origins:or",
            "conditions": [
                {
                    "type": "origins:in_tag",
                    "tag": "minecraft:walls"
                },
                {
                    "type": "origins:in_tag",
                    "tag": "minecraft:fences"
                },
                {
                    "type": "origins:in_tag",
                    "tag": "minecraft:fence_gates"
                },
                {
                    "type": "origins:in_tag",
                    "tag": "minecraft:anvil"
                },
                {
                    "type": "origins:in_tag",
                    "tag": "minecraft:beds"
                },
                {
                    "type": "origins:in_tag",
                    "tag": "minecraft:flower_pots"
                },
                {
                    "type": "origins:in_tag",
                    "tag": "minecraft:slabs"
                },
                {
                    "type": "origins:in_tag",
                    "tag": "minecraft:stairs"
                },
                {
                    "type": "origins:in_tag",
                    "tag": "minecraft:leaves"
                },
                {
                    "type": "origins:block",
                    "block": "minecraft:iron_bars"
                }
            ]
        },
        "render_type": "none",
        "view_distance": 10,
        "phase_down_condition": {
            "type": "origins:constant",
            "value": false
        }
    },
    "key1": {
        "type": "origins:modify_damage_taken",
        "damage_condition": {
            "type": "origins:fire"
        },
        "modifier": {
            "operation": "multiply_base_multiplicative",
            "value": 1
        }
    }
}