{
    "name": "Shapeshifting",
    "description": "You can change your size at will! Though, you will still retain your mass.\nFlatten with your primary ability key, and pillar with your secondary ability key!",
    "loading_priority": 2,
    "type": "origins:multiple",
    "key0": {
        "type": "origins:active_self",
        "entity_action": {
            "type": "origins:if_else",
            "condition": {
                "type": "origins:power_active",
                "power": "bimglemobs:flatten"
            },
            "if_action": {
                "type": "origins:and",
                "actions": [
                    {
                        "type": "origins:execute_command",
                        "command": "scale set pehkui:height 0.5 @s"
                    },
                    {
                        "type": "origins:execute_command",
                        "command": "scale set pehkui:width 2 @s"
                    }
                ]
            },
            "else_action": {
                "type": "origins:and",
                "actions": [
                    {
                        "type": "origins:execute_command",
                        "command": "scale set pehkui:height 1 @s"
                    },
                    {
                        "type": "origins:execute_command",
                        "command": "scale set pehkui:width 1 @s"
                    }
                ]
            }
        },
        "cooldown": 0,
        "key": {
            "key": "key.origins.primary_active"
        }
    },
    "key1": {
        "type": "origins:active_self",
        "entity_action": {
            "type": "origins:if_else",
            "condition": {
                "type": "origins:power_active",
                "power": "bimglemobs:pillar"
            },
            "if_action": {
                "type": "origins:and",
                "actions": [
                    {
                        "type": "origins:execute_command",
                        "command": "scale set pehkui:height 2 @s"
                    },
                    {
                        "type": "origins:execute_command",
                        "command": "scale set pehkui:width 0.5 @s"
                    }
                ]
            },
            "else_action": {
                "type": "origins:and",
                "actions": [
                    {
                        "type": "origins:execute_command",
                        "command": "scale set pehkui:height 1 @s"
                    },
                    {
                        "type": "origins:execute_command",
                        "command": "scale set pehkui:width 1 @s"
                    }
                ]
            }
        },
        "cooldown": 0,
        "key": {
            "key": "key.origins.secondary_active"
        }
    }
}