{
    "name": "Small Fox",
    "description": "You're small, and as such have less health.",
    "type": "origins:multiple",
    "key0": {
        "type": "origins:attribute",
        "modifier": {
            "attribute": "minecraft:generic.max_health",
            "operation": "addition",
            "value": -4
        },
        "update_health": true
    },
    "key1": {
        "type": "origins:action_on_callback",
        "entity_action_chosen": {
            "type": "origins:and",
            "actions": [
                {
                    "type": "origins:execute_command",
                    "command": "scale set pehkui:height 0.75 @s"
                },
                {
                    "type": "origins:execute_command",
                    "command": "scale set pehkui:width 0.75 @s"
                },
                {
                    "type": "origins:execute_command",
                    "command": "scale persist set pehkui:height true @s"
                },
                {
                    "type": "origins:execute_command",
                    "command": "scale persist set pehkui:width true @s"
                }
            ]
        },
        "execute_chosen_when_orb": true,
        "entity_action_lost": {
            "type": "origins:execute_command",
            "command": "scale reset @s"
        }
    }
}