{
    "name": "Vestigal Gills",
    "description": "You have vestigal gills! They don't work as well as that of fish, but they still allow you to stay in water for a significant time.",
    "condition": {
        "inverted": true,
        "type": "origins:submerged_in",
        "fluid": "minecraft:water"
    },
    "type": "origins:stacking_status_effect",
    "min_stacks": 1,
    "max_stacks": 2,
    "duration_per_stack": 120,
    "tick_rate": 20,
    "effect": {
        "effect": "minecraft:water_breathing",
        "duration": 100,
        "amplifier": 0,
        "is_ambient": true,
        "show_particles": false,
        "show_icon": false
    }
}