{
    "type": "apoli:multiple",
    "prep": {
        "type": "apoli:action_over_time",
        "interval": 1,
        "entity_action": {
            "type": "apoli:and",
            "actions": [
                {
                    "type": "apoli:execute_command",
                    "command": "tag @s add this"
                },
                {
                    "type": "apoli:execute_command",
                    "command": "power revoke @e[tag = !this, distance = 33..] moving:state example:glow_moving_entities"
                },
                {
                    "type": "apoli:execute_command",
                    "command": "power grant @e[tag = !this, distance = ..32] moving:state example:glow_moving_entities"
                },
                {
                    "type": "apoli:execute_command",
                    "command": "tag @s remove this"
                }
            ]
        }
    },
    "glow": {
        "type": "apoli:entity_glow",
        "entity_condition": {
            "type": "apoli:and",
            "conditions": [
                {
                    "type": "apoli:living"
                },
                {
                    "type": "apoli:or",
                    "conditions": [
                        {
                            "type": "apoli:resource",
                            "resource": "moving:state_horizontally",
                            "comparison": "==",
                            "compare_to": 1
                        },
                        {
                            "type": "apoli:resource",
                            "resource": "moving:state_vertically",
                            "comparison": "==",
                            "compare_to": 1
                        }
                    ]
                }
            ]
        }
    }
}