{
    "type": "apoli:multiple",
    "movement_gauge": {
        "type": "apoli:resource",
        "min": 0,
        "max": 100,
        "min_action": {
            "type": "apoli:and",
            "actions": [
                {
                    "type": "apoli:damage",
                    "amount": 2147483647,
                    "source": {
                        "name": "generic",
                        "bypasses_armor": true,
                        "unblockable": true
                    }
                },
                {
                    "type": "apoli:change_resource",
                    "resource": "*:*_movement_gauge",
                    "change": 2147483647
                }
            ]
        },
        "start_value": 100,
        "hud_render": {
            "should_render": true,
            "sprite_location": "origins:textures/gui/community/spiderkolo/resource_bar_03.png",
            "bar_index": 9,
            "condition": {
                "type": "apoli:and",
                "conditions": [
                    {
                        "type": "apoli:gamemode",
                        "gamemode": "creative",
                        "inverted": true
                    },
                    {
                        "type": "apoli:health",
                        "comparison": "==",
                        "compare_to": 0,
                        "inverted": true
                    }
                ]
            }
        }
    },
    "imminent_death": {
        "type": "apoli:action_over_time",
        "interval": 1,
        "entity_action": {
            "type": "apoli:if_else",
            "condition": {
                "type": "apoli:command",
                "command": "execute if entity @s[tag = moving]",
                "comparison": "==",
                "compare_to": 1
            },
            "if_action": {
                "type": "apoli:change_resource",
                "resource": "*:*_movement_gauge",
                "change": 1
            },
            "else_action": {
                "type": "apoli:if_else",
                "condition": {
                    "type": "apoli:gamemode",
                    "gamemode": "creative",
                    "inverted": true
                },
                "if_action": {
                    "type": "apoli:change_resource",
                    "resource": "*:*_movement_gauge",
                    "change": -1
                }
            }
        },
        "condition": {
            "type": "apoli:health",
            "comparison": "==",
            "compare_to": 0,
            "inverted": true
        }
    },
    "name": "Move or Die",
    "description": "You must move or else you will die."
}