{
    "type": "apoli:multiple",
    "ignore_water": {
        "type": "apoli:ignore_water",
        "condition": {
            "type": "apoli:and",
            "conditions": [
                {
                    "type": "apoli:fluid_height",
                    "fluid": "minecraft:water",
                    "comparison": "<=",
                    "compare_to": 0.4
                },
                {
                    "type": "apoli:resource",
                    "resource": "moving:state_horizontally",
                    "comparison": "==",
                    "compare_to": 1
                }
            ]
        }
    },
    "walk_on_fluid": {
        "type": "apoli:walk_on_fluid",
        "fluid": "minecraft:water",
        "condition": {
            "type": "apoli:and",
            "conditions": [
                {
                    "type": "apoli:fluid_height",
                    "fluid": "minecraft:water",
                    "comparison": "<=",
                    "compare_to": 0.4
                },
                {
                    "type": "apoli:resource",
                    "resource": "moving:state_horizontally",
                    "comparison": "==",
                    "compare_to": 1
                }
            ]
        }
    },
    "name": "Water Sprinting",
    "description": "You are able to walk and sprint on water. However, you will sink if you aren't moving continuously."
}