{
    "name": "Temperature Unaffected",
    "description": "You will be unaffected by temperature, and have no need to insulate your armor or manage temperature.",
    "type": "origins:stacking_status_effect",
    "min_stacks": 1,
    "max_stacks": 2,
    "duration_per_stack": 120,
    "tick_rate": 20,
    "effect": {
        "effect": "cold_sweat:grace",
        "duration": 100,
        "amplifier": 0,
        "is_ambient": true,
        "show_particles": false,
        "show_icon": false
    }
}