{
    "name": "Kinetic Motor Resource Ticker",
    "description": "This power simply controls the ticking of the Kinetic Motor power's resource. It should be hidden.",
    "hidden": true,
    "type": "origins:multiple",
    "resource_ticker": {
        "condition": {
            "type": "origins:moving"
        },
        "type": "origins:action_over_time",
        "interval": 20,
        "entity_action": {
            "type": "origins:change_resource",
            "resource": "aigo:automaton/kinetic_motor",
            "change": 1,
            "operation": "add"
        }
    },
    "resource_tickdown": {
        "condition": {
            "type": "origins:and",
            "conditions": [
                {
                    "inverted": true,
                    "type": "origins:moving"
                }
            ]
        },
        "type": "origins:action_over_time",
        "interval": 20,
        "entity_action": {
            "type": "origins:change_resource",
            "resource": "aigo:automaton/kinetic_motor",
            "change": -1,
            "operation": "add"
        }
    },
    "give_on_spawn": {
        "condition": {
            "type": "origins:resource",
            "comparison": ">=",
            "compare_to": 15
        },
        "type": "origins:action_on_callback",
        "execute_chosen_when_orb": true,
        "entity_action_removed": {
            "type": "origins:change_resource",
            "resource": "aigo:automaton/kinetic_motor",
            "change": 15,
            "operation": "add"
        }
    }
}