{
    "name": "Kinetic Motor",
    "description": "You're powered by stored motion. If it runs out, you will deactivate.",
    "type": "origins:resource",
    "min": 0,
    "max": 120,
    "start_value": 60,
    "hud_render": {
        "should_render": true,
        "sprite_location": "origins:textures/gui/resource_bar.png",
        "bar_index": 5
    },
    "min_action": {
        "type": "origins:damage",
        "amount": 9999,
        "source": {
            "name": "automaton_kinetic",
            "bypasses_armor": true,
            "unblockable": true,
            "out_of_world": true
        },
        "damage_type": "automaton_kinetic"
    }
}