{
    "name": "Lightning Rod",
    "description": "You have an increased chance of being hit by lightning.",
    "condition": {
        "type": "origins:and",
        "conditions": [
            {
                "type": "origins:exposed_to_sky"
            },
            {
                "type": "origins:in_rain"
            }
        ]
    },
    "type": "origins:action_over_time",
    "interval": 20,
    "entity_action": {
        "type": "origins:chance",
        "chance": 0.01,
        "action": {
            "type": "origins:execute_command",
            "command": "summon lightning_bolt ~ ~ ~"
        }
    }
}