{
    "name": "Non-Biological",
    "description": "You have no need to eat or breathe, and cannot eat food.",
    "type": "origins:multiple",
    "edibility": {
        "type": "origins:prevent_item_use",
        "item_condition": {
            "type": "origins:food"
        }
    },
    "exhaustion": {
        "type": "origins:modify_exhaustion",
        "modifier": {
            "operation": "set_total",
            "value": 0
        }
    },
    "hunger_immunity": {
        "type": "origins:effect_immunity",
        "effect": "hunger"
    },
    "breath": {
        "condition": {
            "type": "origins:air",
            "comparison": "<",
            "compare_to": 300
        },
        "type": "origins:action_over_time",
        "interval": 20,
        "entity_action": {
            "type": "origins:gain_air",
            "value": 40
        }
    },
    "hunger": {
        "condition": {
            "type": "origins:food_level",
            "comparison": "<",
            "compare_to": 20
        },
        "type": "origins:stacking_status_effect",
        "min_stacks": 1,
        "max_stacks": 1,
        "duration_per_stack": 1,
        "tick_rate": 1,
        "effect": {
            "effect": "saturation",
            "duration": 1,
            "amplifier": 1,
            "is_ambient": true,
            "show_particles": false,
            "show_icon": false
        }
    }
}